timepoint,pR0,pR1,pR2,pB0
100ps,0.080,0.010,0.000,0.000
300ps,0.060,0.025,0.000,0.000
500ps,0.045,0.040,0.000,0.000
1ns,0.035,0.050,0.005,0.000
2ns,0.030,0.060,0.010,0.000
3ns,0.028,0.065,0.015,0.000
5ns,0.025,0.060,0.018,0.000
7ns,0.023,0.050,0.020,0.000
10ns,0.020,0.040,0.040,0.000
30ns,0.010,0.020,0.090,0.000
50ns,0.005,0.010,0.100,0.000
1us,0.000,0.000,0.105,0.000
10us,0.000,0.000,0.100,0.005
100us,0.000,0.000,0.080,0.015
1ms,0.000,0.000,0.005,0.050
10ms,0.000,0.000,0.000,0.040
100ms,0.000,0.000,0.000,0.030
